"section_type","Designation","m","A","Ix","Iy","Zx","Zy","Zplx","rx","ry","J","Iu","Iv","ru","rv","h","b","t","c","source_row"
"Equal Angles","25x25x3","1.11","0.142","0.008",,"0.448",,,"7.49",,"0.476","0.013","0.003","9.43","4.83","25","25","3",,"146"
"Equal Angles","25x25x5","1.77","0.226","0.012",,"0.708",,,"7.3",,"1.98","0.019","0.005","9.14","4.8","25","25","5",,"147"
"Equal Angles","30x30x3","1.36","0.174","0.014",,"0.649",,,"8.99",,"0.635","0.022","0.006","11.3","5.81","30","30","3",,"149"
"Equal Angles","30x30x5","2.18","0.278","0.022",,"1.04",,,"8.83",,"2.58","0.034","0.009","11.1","5.75","30","30","5",,"150"
"Equal Angles","40x40x3","1.85","0.235","0.035",,"1.18",,,"12.1",,"0.882","0.055","0.014","15.3","7.84","40","40","3",,"152"
"Equal Angles","40x40x4","2.42","0.308","0.045",,"1.55",,,"12.1",,"1.92","0.071","0.019","15.2","7.77","40","40","4",,"153"
"Equal Angles","40x40x5","2.97","0.379","0.054",,"1.91",,,"12",,"3.56","0.086","0.023","15.1","7.73","40","40","5",,"154"
"Equal Angles","40x40x6","3.52","0.448","0.063",,"2.26",,,"11.9",,"5.92","0.1","0.027","14.9","7.7","40","40","6",,"155"
"Equal Angles","45x45x3","2.1","0.268","0.05",,"1.52",,,"13.7",,"1.06","0.079","0.021","17.2","8.88","45","45","3",,"157"
"Equal Angles","45x45x4","2.74","0.349","0.064",,"1.97",,,"13.6",,"2.27","0.102","0.027","17.1","8.76","45","45","4",,"158"
"Equal Angles","45x45x5","3.38","0.43","0.078",,"2.43",,,"13.5",,"4.17","0.124","0.033","17","8.71","45","45","5",,"159"
"Equal Angles","45x45x6","4","0.509","0.092",,"2.88",,,"13.4",,"6.9","0.145","0.038","16.9","8.67","45","45","6",,"160"
"Equal Angles","50x50x3","2.34","0.298","0.07",,"1.89",,,"15.3",,"1.15","0.11","0.029","19.2","9.92","50","50","3",,"163"
"Equal Angles","50x50x4","3.06","0.389","0.09",,"2.46",,,"15.2",,"2.48","0.142","0.037","19.1","9.79","50","50","4",,"164"
"Equal Angles","50x50x5","3.77","0.48","0.11",,"3.05",,,"15.1",,"4.58","0.174","0.046","19","9.73","50","50","5",,"165"
"Equal Angles","50x50x6","4.47","0.569","0.128",,"3.61",,,"15",,"7.62","0.203","0.053","18.9","9.68","50","50","6",,"166"
"Equal Angles","50x50x8","5.82","0.741","0.163",,"4.68",,,"14.8",,"17","0.257","0.069","18.6","9.63","50","50","8",,"167"
"Equal Angles","60x60x4","3.7","0.471","0.158",,"3.59",,,"18.3",,"3.07","0.25","0.066","23","11.8","60","60","4",,"169"
"Equal Angles","60x60x5","4.57","0.582","0.194",,"4.45",,,"18.2",,"5.64","0.307","0.08","23","11.7","60","60","5",,"170"
"Equal Angles","60x60x6","5.42","0.691","0.228",,"5.29",,,"18.2",,"9.36","0.361","0.094","22.9","11.7","60","60","6",,"171"
"Equal Angles","60x60x8","7.09","0.903","0.292",,"6.89",,,"18",,"21","0.461","0.122","22.6","11.6","60","60","8",,"172"
"Equal Angles","60x60x10","8.69","1.11","0.349",,"8.41",,,"17.8",,"39.2","0.551","0.148","22.3","11.6","60","60","10",,"173"
"Equal Angles","70x70x6","6.38","0.813","0.369",,"7.27",,,"21.3",,"11.2","0.585","0.153","26.8","13.7","70","70","6",,"175"
"Equal Angles","70x70x8","8.36","1.06","0.475",,"9.52",,,"21.1",,"25","0.753","0.197","26.6","13.6","70","70","8",,"176"
"Equal Angles","70x70x10","10.3","1.31","0.572",,"11.7",,,"20.9",,"46.8","0.905","0.24","26.3","13.5","70","70","10",,"177"
"Equal Angles","80x80x6","7.34","0.935","0.558",,"9.57",,,"24.4",,"13","0.885","0.231","30.8","15.7","80","80","6",,"179"
"Equal Angles","80x80x8","9.63","1.23","0.722",,"12.6",,,"24.3",,"29.1","1.15","0.299","30.6","15.6","80","80","8",,"180"
"Equal Angles","80x80x10","11.9","1.51","0.875",,"15.4",,,"24.1",,"54.5","1.39","0.364","30.3","15.5","80","80","10",,"181"
"Equal Angles","80x80x12","14","1.79","1.02",,"18.2",,,"23.9",,"91.2","1.61","0.427","30","15.5","80","80","12",,"182"
"Equal Angles","90x90x6","8.3","1.06","0.803",,"12.2",,,"27.6",,"15","1.27","0.333","34.7","17.8","90","90","6",,"184"
"Equal Angles","90x90x8","10.9","1.39","1.04",,"16.1",,,"27.4",,"33.3","1.66","0.431","34.5","17.6","90","90","8",,"185"
"Equal Angles","90x90x10","13.4","1.71","1.27",,"19.8",,,"27.2",,"62.4","2.01","0.526","34.3","17.5","90","90","10",,"186"
"Equal Angles","90x90x12","15.9","2.03","1.48",,"23.3",,,"27",,"104","2.34","0.617","34","17.4","90","90","12",,"187"
"Equal Angles","100x100x8","12.2","1.55","1.45",,"19.9",,,"30.6",,"37.6","2.3","0.599","38.5","19.6","100","100","8",,"189"
"Equal Angles","100x100x10","15","1.92","1.77",,"24.6",,,"30.4",,"70.3","2.8","0.73","38.3","19.5","100","100","10",,"190"
"Equal Angles","100x100x12","17.8","2.27","2.07",,"29.1",,,"30.2",,"118","3.28","0.857","38","19.4","100","100","12",,"191"
"Equal Angles","100x100x15","21.9","2.79","2.49",,"35.6",,,"29.8",,"221","3.93","1.04","37.5","19.3","100","100","15",,"192"
"Equal Angles","120x120x8","14.7","1.87","2.55",,"29.1",,,"36.9",,"45.4","4.05","1.05","46.5","23.7","120","120","8",,"194"
"Equal Angles","120x120x10","18.2","2.32","3.13",,"36",,,"36.7",,"85.1","4.97","1.29","46.3","23.6","120","120","10",,"195"
"Equal Angles","120x120x12","21.6","2.75","3.68",,"42.7",,,"36.5",,"143","5.84","1.52","46","23.5","120","120","12",,"196"
"Equal Angles","120x120x15","26.6","3.39","4.45",,"52.4",,,"36.2",,"269","7.05","1.85","45.6","23.3","120","120","15",,"197"
"Equal Angles","150x150x10","23","2.93","6.24",,"56.9",,,"46.2",,"110","9.91","2.58","58.2","29.7","150","150","10",,"199"
"Equal Angles","150x150x12","27.3","3.48","7.37",,"67.7",,,"46",,"184","11.7","3.03","58","29.5","150","150","12",,"200"
"Equal Angles","150x150x15","33.8","4.3","8.98",,"83.5",,,"45.7",,"347","14.3","3.7","57.6","29.3","150","150","15",,"201"
"Equal Angles","150x150x18","40.1","5.1","10.5",,"98.7",,,"45.4",,"584","16.6","4.35","57.1","29.2","150","150","18",,"202"
"Equal Angles","200x200x16","48.5","6.18","23.4",,"162",,,"61.6",,"564","37.2","9.6","77.6","39.4","200","200","16",,"204"
"Equal Angles","200x200x18","54.2","6.91","26",,"181",,,"61.3",,"790","41.3","10.7","77.3","39.3","200","200","18",,"205"
"Equal Angles","200x200x20","59.9","7.63","28.5",,"199",,,"61.1",,"1070","45.3","11.7","77","39.2","200","200","20",,"206"
"Equal Angles","200x200x24","71.1","9.06","33.3",,"235",,,"60.6",,"1800","52.8","13.8","76.4","39","200","200","24",,"207"
"Unequal Angles","65x50x6","5.16","0.658","0.272","0.14","6.1","3.77",,"20.3","14.6","8.44","0.338","0.074","22.7","10.6","65","50","6",,"214"
"Unequal Angles","65x50x8","6.75","0.86","0.348","0.177","7.93","4.89",,"20.1","14.4","19.1","0.43","0.096","22.4","10.5","65","50","8",,"215"
"Unequal Angles","75x50x6","5.65","0.719","0.405","0.144","8.01","3.81",,"23.7","14.2","9.42","0.466","0.084","25.5","10.8","75","50","6",,"217"
"Unequal Angles","75x50x8","7.39","0.941","0.52","0.184","10.4","4.95",,"23.5","14","21.3","0.596","0.108","25.2","10.7","75","50","8",,"218"
"Unequal Angles","80x60x6","6.37","0.811","0.514","0.248","9.29","5.49",,"25.2","17.5","10.8","0.628","0.134","27.8","12.9","80","60","6",,"220"
"Unequal Angles","80x60x8","8.34","1.06","0.663","0.318","12.2","7.16",,"25","17.3","24.4","0.808","0.173","27.6","12.7","80","60","8",,"221"
"Unequal Angles","90x65x6","7.07","0.901","0.734","0.323","11.8","6.53",,"28.5","18.9","11.9","0.879","0.178","31.2","14.1","90","65","6",,"223"
"Unequal Angles","90x65x8","9.29","1.18","0.949","0.415","15.5","8.54",,"28.3","18.7","26.9","1.13","0.23","31","13.9","90","65","8",,"224"
"Unequal Angles","90x65x10","11.4","1.46","1.15","0.499","19","10.4",,"28.1","18.5","50.9","1.37","0.279","30.7","13.8","90","65","10",,"225"
"Unequal Angles","100x65x8","9.94","1.27","1.27","0.422","18.9","8.54",,"31.6","18.3","29.9","1.44","0.248","33.7","14","100","65","8",,"227"
"Unequal Angles","100x65x10","12.3","1.56","1.54","0.51","23.2","10.5",,"31.4","18.1","56.2","1.75","0.302","33.5","13.9","100","65","10",,"228"
"Unequal Angles","100x75x6","8.04","1.02","1.02","0.495","14.7","8.67",,"31.6","22","14.1","1.25","0.268","34.9","16.2","100","75","6",,"230"
"Unequal Angles","100x75x8","10.6","1.35","1.33","0.641","19.3","11.4",,"31.4","21.8","31.6","1.62","0.346","34.7","16","100","75","8",,"231"
"Unequal Angles","100x75x10","13","1.66","1.62","0.776","23.8","14",,"31.2","21.6","59.5","1.97","0.422","34.5","15.9","100","75","10",,"232"
"Unequal Angles","100x75x12","15.4","1.97","1.89","0.902","28","16.5",,"31","21.4","99.8","2.3","0.495","34.2","15.9","100","75","12",,"233"
"Unequal Angles","125x75x8","12.2","1.55","2.47","0.676","29.6","11.6",,"40","20.9","36.7","2.74","0.409","42.1","16.3","125","75","8",,"235"
"Unequal Angles","125x75x10","15","1.91","3.02","0.821","36.5","14.3",,"39.7","20.7","69","3.34","0.499","41.8","16.1","125","75","10",,"236"
"Unequal Angles","125x75x12","17.8","2.27","3.54","0.955","43.2","16.9",,"39.5","20.5","116","3.91","0.585","41.5","16.1","125","75","12",,"237"
"Unequal Angles","150x75x10","17","2.16","5.01","0.858","51.8","14.6",,"48.1","19.9","77.4","5.32","0.553","49.6","16","150","75","10",,"239"
"Unequal Angles","150x75x12","20.2","2.57","5.89","0.999","61.4","17.2",,"47.9","19.7","130","6.24","0.649","49.3","15.9","150","75","12",,"240"
"Unequal Angles","150x75x15","24.8","3.16","7.13","1.2","75.3","21",,"47.5","19.4","246","7.54","0.788","48.8","15.8","150","75","15",,"241"
"Unequal Angles","150x90x10","18.2","2.32","5.33","1.46","53.3","21",,"48","25.1","83.6","5.91","0.883","50.5","19.5","150","90","10",,"243"
"Unequal Angles","150x90x12","21.6","2.75","6.27","1.71","63.3","24.8",,"47.7","24.9","141","6.94","1.04","50.2","19.4","150","90","12",,"244"
"Unequal Angles","150x90x15","26.6","3.39","7.61","2.05","77.7","30.4",,"47.4","24.6","266","8.41","1.26","49.8","19.3","150","90","15",,"245"
"CHS","32.0x2.0","1.47969013984079","0.188495559215387","0.0212999981913388",,"1.33124988695867",,"1.80266666666667","10.6301458127346",,"0.0425999963826776",,,,,"32","2","2",,"253"
"CHS","32.0x2.5","1.81878579688764","0.231692458202247","0.0253848049517837",,"1.58655030948648",,"2.18083333333333","10.4672107077292",,"0.0507696099035674",,,,,"32","2.5","2.5",,"254"
"CHS","34.1x2.0","1.58474813976949","0.20187874391968","0.0261517989562019",,"1.53248162649879",,"2.06734046666667","11.3816568433598",,"0.0523035979124037",,,,,"34.1","2","2",,"256"
"CHS","34.1x2.5","1.95010829679851","0.248421439082613","0.0312609471040495",,"1.83187501342218",,"2.50635058333333","11.2177699432641",,"0.062521894208099",,,,,"34.1","2.5","2.5",,"257"
"CHS","34.1x3.0","2.64383635736054","0.336794440428094","0.0400131539802645",,"2.34474972049602",,"3.29798081666667","10.8998102047696",,"0.0800263079605291",,,,,"34.1","3","3",,"258"
"CHS","34.1x4.0","2.97220426089354","0.378624746610642","0.0437224924596411",,"2.56211499909998",,"3.65260093333333","10.7460277544775",,"0.0874449849192822",,,,,"34.1","4","4",,"259"
"CHS","38.0x2.0","1.78056046827509","0.226822989589183","0.0370631600276095",,"1.94557270486139",,"2.60908666666667","12.7828498387488",,"0.0741263200552191",,,,,"38","2","2",,"261"
"CHS","38.0x2.5","2.19487370743051","0.279601746169491","0.0445129474923658",,"2.33663766364125",,"3.17360833333333","12.6174977709528",,"0.0890258949847315",,,,,"38","2.5","2.5",,"262"
"CHS","38.0x3.0","2.59685619542059","0.330809706423005","0.0513172692210017",,"2.69381990661426",,"3.70503","12.4549688879579",,"0.102634538442003",,,,,"38","3","3",,"263"
"CHS","38.0x4.0","3.36382891790474","0.428513237949648","0.0631419612534281",,"3.31453864847391",,"4.67257333333333","12.1388323161662",,"0.126283922506856",,,,,"38","4","4",,"264"
"CHS","42.8x2.0","2.01237859018348","0.256353960532927","0.0534703090879579",,"2.49861257420364",,"3.33194666666667","14.4422989859648",,"0.106940618175916",,,,,"42.8","2","2",,"266"
"CHS","42.8x2.5","2.484646359816","0.316515459849171","0.0645034768513123",,"3.01418116127627",,"4.06543333333333","14.2755910560649",,"0.129006953702625",,,,,"42.8","2.5","2.5",,"267"
"CHS","42.8x3.0","2.94458337828318","0.375106162838621","0.0746948902060546",,"3.49041543018947",,"4.76112","14.1113429552258",,"0.149389780412109",,,,,"42.8","3","3",,"268"
"CHS","42.8x4.0","3.82746516172152","0.487575179837136","0.0927270477014265",,"4.33303961221619",,"6.04309333333333","13.7905764926634",,"0.185454095402853",,,,,"42.8","4","4",,"269"
"CHS","48.4x2.0","2.28858741628709","0.291539798253133","0.0786049604050096",,"3.24813885971114",,"4.30858666666667","16.4201096220458",,"0.157209920810019",,,,,"48.4","2","2",,"271"
"CHS","48.4x2.5","2.82990739244552","0.360497756999429","0.0952191738006516",,"3.93467660333271",,"5.27223333333333","16.2521537034327",,"0.190438347601303",,,,,"48.4","2.5","2.5",,"272"
"CHS","48.4x3.0","3.3588966174386","0.42788491941893","0.110723780598036",,"4.57536283462961",,"6.19248","16.0863296000051",,"0.221447561196073",,,,,"48.4","3","3",,"273"
"CHS","48.4x3.5","3.87555509126634","0.493701285511636","0.125169321168979",,"5.17228599871813",,"7.07032666666667","15.9227039161067",,"0.250338642337958",,,,,"48.4","3.5","3.5",,"274"
"CHS","48.4x4.0","4.37988281392875","0.557946855277547","0.138605157788048",,"5.72748585901026",,"7.90677333333333","15.7613451202618",,"0.277210315576097",,,,,"48.4","4","4",,"275"
"CHS","60.3x2.0","2.87701086189712","0.366498198967786","0.156054424604232",,"5.17336066979055",,"6.80744446666666","20.6348882357041",,"0.312108849208464",,,,,"60.3","2","2",,"277"
"CHS","60.3x2.5","3.56358708678324","0.453960138443725","0.189930679972951",,"6.29952504056222",,"8.35730833333333","20.4544921716478",,"0.379861359945902",,,,,"60.3","2.5","2.5",,"278"
"CHS","60.3x3.0","4.24153178585363","0.540322520490909","0.222594568262841",,"7.37923315971627",,"9.8691867","20.2969483543709",,"0.445189136525683",,,,,"60.3","3","3",,"279"
"CHS","60.3x3.5","4.90529612108388","0.624878486762278","0.253224109858537",,"8.39463317946417",,"11.3180628166667","20.1305082524014",,"0.506448219717074",,,,,"60.3","3.5","3.5",,"280"
"CHS","60.3x4.0","5.55672970514879","0.707863656706852","0.282178246630512",,"9.35449184917992",,"12.7136089333333","19.9658110904616",,"0.564356493261025",,,,,"60.3","4","4",,"281"
"CHS","60.3x4.5","6.19583253804836","0.789278030324632","0.309519217456227",,"10.2608724500655",,"14.05682505","19.802900355756",,"0.619038434912454",,,,,"60.3","4.5","4.5",,"282"
"CHS","63.5x2.0","3.03336478667363","0.386415896391545","0.182883398464061",,"5.76010703823814",,"7.56716666666667","21.755028154429",,"0.365766796928122",,,,,"63.5","2","2",,"284"
"CHS","63.5x2.5","3.76087910542868","0.479092879672443","0.223212366969889",,"7.03031077070517",,"9.30770833333333","21.5848615932556",,"0.446424733939778",,,,,"63.5","2.5","2.5",,"285"
"CHS","63.5x3.0","4.4760626730184","0.570199066626548","0.261525365652432",,"8.23701939062779",,"10.98975","21.4162613450621",,"0.523050731304865",,,,,"63.5","3","3",,"286"
"CHS","63.5x3.5","5.17891548944277","0.659734457253857","0.297890724151905",,"9.38238501265844",,"12.6142916666667","21.2492646931606",,"0.595781448303811",,,,,"63.5","3.5","3.5",,"287"
"CHS","63.5x4.0","5.86943755470181","0.747699051554371","0.332375594011279",,"10.4685226460245",,"14.1823333333333","21.0839097417912",,"0.664751188022558",,,,,"63.5","4","4",,"288"
"CHS","63.5x4.5","6.54762886879551","0.83409284952809","0.365045948676278",,"11.4975101945284",,"15.694875","20.9202354193255",,"0.730091897352556",,,,,"63.5","4.5","4.5",,"289"
"CHS","76.2x2.5","4.54388180442777","0.57883844642392","0.393461092668312",,"10.3270627996932",,"13.5844333333333","26.071871816193",,"0.786922185336623",,,,,"76.2","2.5","2.5",,"291"
"CHS","76.2x3.0","5.4156659118173","0.689893746728319","0.462853164148763",,"12.1483770117786",,"16.08372","25.9018339119067",,"0.925706328297526",,,,,"76.2","3","3",,"292"
"CHS","76.2x3.5","6.2751192680415","0.799378250705924","0.529342282280583",,"13.8934982225875",,"18.5128066666667","25.7331012511124",,"1.05868456456117",,,,,"76.2","3.5","3.5",,"293"
"CHS","76.2x4.0","7.12224187310036","0.907291958356733","0.593010560441753",,"15.5645816388911",,"20.8726933333333","25.5656996774976",,"1.18602112088351",,,,,"76.2","4","4",,"294"
"CHS","76.2x4.5","7.95703372699386","1.01363486968075","0.653938933913011",,"17.1637515462733",,"23.16438","25.3996555094749",,"1.30787786782602",,,,,"76.2","4.5","4.5",,"295"
"CHS","76.2x5.0","8.77949482972203","1.11840698467797","0.712207159877852",,"18.69310130913",,"25.3888666666667","25.2349955419057",,"1.4244143197557",,,,,"76.2","5","5",,"296"
"CHS","76.2x6.0","10.3874247816824","1.32323882569202","0.821076307536027",,"21.5505592529141",,"29.64024","24.9099377759159",,"1.64215261507205",,,,,"76.2","6","6",,"297"
"CHS","88.9x2.5","5.32688450342685","0.678584013175395","0.633730458134518",,"14.2571531638812",,"18.6676083333333","30.5597979378137",,"1.26746091626904",,,,,"88.9","2.5","2.5",,"299"
"CHS","88.9x3.0","6.3552691506162","0.80958842683009","0.74763568445245",,"16.8197004376254",,"22.14543","30.3887520309736",,"1.4952713689049",,,,,"88.9","3","3",,"300"
"CHS","88.9x3.5","7.37132304664022","0.93902204415799","0.857492628951527",,"19.291172754815",,"25.5403516666667","30.2188062305578",,"1.71498525790305",,,,,"88.9","3.5","3.5",,"301"
"CHS","88.9x4.0","8.37504619149889","1.06688486515909","0.963398366844743",,"21.6737540347524",,"28.8533733333333","30.0499792013239",,"1.92679673368949",,,,,"88.9","4","4",,"302"
"CHS","88.9x4.5","9.36643858519222","1.1931768898334","1.06544879524785",,"23.969601692865",,"32.085495","29.8822899055611",,"2.1308975904957",,,,,"88.9","4.5","4.5",,"303"
"CHS","88.9x5.0","10.3455002277202","1.31789811818092","1.16373863317935",,"26.1808466407053",,"35.2377166666667","29.7157576043418",,"2.3274772663587",,,,,"88.9","5","5",,"304"
"CHS","88.9x6.0","12.2666312592802","1.56262818589556","1.34940952321535",,"30.3579195324037",,"41.30646","29.3862425294559",,"2.69881904643069",,,,,"88.9","6","6",,"305"
"CHS","101.6x2.5","6.10988720242594","0.778329579926872","0.95608643521452",,"18.8205991183961",,"24.5572333333333","35.0482881179666",,"1.91217287042904",,,,,"101.6","2.5","2.5",,"307"
"CHS","101.6x3.0","7.29487238941512","0.929283106931863","1.13035209277871",,"22.2510254483998",,"29.17488","34.8764963836679",,"2.26070418555742",,,,,"101.6","3","3",,"308"
"CHS","101.6x3.5","8.46752682523895","1.07866583761006","1.29923412474916",,"25.5754748966369",,"33.6969266666667","34.7056551587778",,"2.59846824949831",,,,,"101.6","3.5","3.5",,"309"
"CHS","101.6x4.0","9.62785050989743","1.22647777196146","1.46284456817387",,"28.7961529168084",,"38.1243733333333","34.5357785492089",,"2.92568913634774",,,,,"101.6","4","4",,"310"
"CHS","101.6x4.5","10.7758434433906","1.37271890998606","1.62129428200361",,"31.9152417717247",,"42.45822","34.366880859339",,"3.24258856400723",,,,,"101.6","4.5","4.5",,"311"
"CHS","101.6x5.0","11.9115056257184","1.51738925168387","1.7746929470919",,"34.9349005333052",,"46.6994666666667","34.1989765928748",,"3.54938589418381",,,,,"101.6","5","5",,"312"
"CHS","101.6x6.0","14.145837736878","1.80201754609911","2.06676996397199",,"40.6844481096848",,"54.90816","33.8662073459666",,"4.13353992794397",,,,,"101.6","6","6",,"313"
"CHS","114.3x2.5","6.89288990142503","0.878075146678348","1.37259499575433",,"24.0174102494195",,"31.2533083333333","39.5371502513775",,"2.74518999150865",,,,,"114.3","2.5","2.5",,"315"
"CHS","114.3x3.0","8.23447562821402","1.04897778703363","1.62548155534275",,"28.4423719220078",,"37.17207","39.3647843890958",,"3.25096311068549",,,,,"114.3","3","3",,"316"
"CHS","114.3x3.5","9.56373060383766","1.21830963106212","1.87145913025788",,"32.7464414743285",,"42.9825316666667","39.1932551595297",,"3.74291826051575",,,,,"114.3","3.5","3.5",,"317"
"CHS","114.3x4.0","10.880654828296","1.38607067876382","2.11065471938274",,"36.9318411090593",,"48.6856933333334","39.0225735952923",,"4.22130943876548",,,,,"114.3","4","4",,"318"
"CHS","114.3x4.5","12.1852483015889","1.55226093013872","2.34319414350311",,"41.0007724147526",,"54.282555","38.85275086786",,"4.68638828700622",,,,,"114.3","4.5","4.5",,"319"
"CHS","114.3x5.0","13.4775110237165","1.71688038518682","2.56920204530752",,"44.9554163658359",,"59.7741166666667","38.6837982881723",,"5.13840409061504",,,,,"114.3","5","5",,"320"
"CHS","114.3x6.0","16.0250442144758","2.04140690630265","3.00211596223637",,"52.5304630312576",,"70.44534","38.3485495162464",,"6.00423192447274",,,,,"114.3","6","6",,"321"
"CHS","127.0x2.5","7.67589260042412","0.977820713429824","1.89532211159994",,"29.8475923086605",,"38.7558333333333","44.0262705665606",,"3.79064422319989",,,,,"127","2.5","2.5",,"323"
"CHS","127.0x3.0","9.17407886701292","1.1686724671354","2.24750323835977",,"35.3937517851933",,"46.137","43.8534491231876",,"4.49500647671955",,,,,"127","3","3",,"324"
"CHS","127.0x3.5","10.6599343824364","1.35795342451419","2.5910600060621",,"40.8040945836552",,"53.3971666666667","43.6813747494284",,"5.18212001212421",,,,,"127","3.5","3.5",,"325"
"CHS","127.0x4.0","12.1334591466945","1.54566358556618","2.92613437542497",,"46.0808563059051",,"60.5373333333333","43.5100563088581",,"5.85226875084995",,,,,"127","4","4",,"326"
"CHS","127.0x4.5","13.5946531597873","1.73180295029137","3.25286712906917",,"51.2262540010892",,"67.5585","43.3395027659524",,"6.50573425813833",,,,,"127","4.5","4.5",,"327"
"CHS","127.0x5.0","15.0435164217147","1.91637151868977","3.57139787151823",,"56.2424861656414",,"74.4616666666667","43.1697231865112",,"7.14279574303646",,,,,"127","5","5",,"328"
"CHS","127.0x6.0","17.9042506920736","2.28079626650619","4.18440585043892",,"65.8961551250223",,"87.918","42.8325226901241",,"8.36881170087784",,,,,"127","6","6",,"329"
"CHS","139.7x3.0","10.1136821058118","1.28836714723717","3.010896308045",,"43.1051726277022",,"56.0696699999999","48.3423856465524",,"6.02179261609",,,,,"139.7","3","3",,"331"
"CHS","139.7x3.5","11.7561381610351","1.49759721796625","3.47492911274625",,"49.7484482855583",,"64.9408316666666","48.169868694029",,"6.9498582254925",,,,,"139.7","3.5","3.5",,"332"
"CHS","139.7x4.0","13.386263465093","1.70525649236854","3.92858909125418",,"56.2432224946912",,"73.6792933333333","47.998033813897",,"7.85717818250836",,,,,"139.7","4","4",,"333"
"CHS","139.7x4.5","15.0040580179856","1.91134497044403","4.37203198802459",,"62.5917249538238",,"82.2860549999999","47.8268883579101",,"8.74406397604919",,,,,"139.7","4.5","4.5",,"334"
"CHS","139.7x5.0","16.6095218197129","2.11586265219273","4.80541236941604",,"68.7961684955769",,"90.7621166666666","47.6564397537206",,"9.61082473883209",,,,,"139.7","5","5",,"335"
"CHS","139.7x6.0","19.7834571696714","2.52018562670973","5.64259796101005",,"80.7816458269156",,"107.32614","47.3176631925119",,"11.2851959220201",,,,,"139.7","6","6",,"336"
"CHS","152.4x3.0","11.0532853446107","1.40806182733895","3.93013993061365",,"51.5766395093655",,"66.97008","52.8315246798727",,"7.8602798612273",,,,,"152.4","3","3",,"338"
"CHS","152.4x3.5","12.8523419396338","1.63724101141832","4.53995881089474",,"59.5795119539992",,"77.6135266666668","52.6586412661778",,"9.07991762178948",,,,,"152.4","3.5","3.5",,"339"
"CHS","152.4x4.0","14.6390677834916","1.8648493991709","5.13732442182399",,"67.4189556669815",,"88.1115733333334","52.4863791854611",,"10.274648843648",,,,,"152.4","4","4",,"340"
"CHS","152.4x4.5","16.413462876184","2.09088699059669","5.72240746969221",,"75.0972108883492",,"98.46522","52.3147445755019",,"11.4448149393844",,,,,"152.4","4.5","4.5",,"341"
"CHS","152.4x5.0","18.1755272177111","2.31535378569568","6.29537748269299",,"82.6165023975457",,"108.675466666667","52.1437436323861",,"12.590754965386",,,,,"152.4","5","5",,"342"
"CHS","152.4x6.0","21.6626636472692","2.75957498691328","7.40565062638021",,"97.1870160942285",,"128.66976","51.8036678238134",,"14.8113012527604",,,,,"152.4","6","6",,"343"
"CHS","165.1x3.0","11.9928885834096","1.52775650744072","5.01971327228091",,"60.8081559331425",,"78.83823","57.32081864384",,"10.0394265445618",,,,,"165.1","3","3",,"345"
"CHS","165.1x3.5","13.9485457182325","1.77688480487039","5.80304146109196",,"70.2972920786428",,"91.4152516666667","57.1476268098685",,"11.6060829221839",,,,,"165.1","3.5","3.5",,"346"
"CHS","165.1x4.0","15.8918721018901","2.02444230597327","6.57164592208799",,"79.6080668938582",,"103.834173333333","56.9750054848615",,"13.143291844176",,,,,"165.1","4","4",,"347"
"CHS","165.1x4.5","17.8228677343824","2.27042901074935","7.32571232339483",,"88.7427295383989",,"116.095995","56.8029598700631",,"14.6514246467897",,,,,"165.1","4.5","4.5",,"348"
"CHS","165.1x5.0","19.7415326157093","2.51484491919863","8.06542515504106",,"97.703514900558",,"128.201716666667","56.6314952124699",,"16.1308503100821",,,,,"165.1","5","5",,"349"
"CHS","165.1x6.0","23.541870124867","2.99896434711682","9.50252217897979",,"115.112321974316",,"151.94886","56.2903299865972",,"19.0050443579596",,,,,"165.1","6","6",,"350"
"CHS","177.8x3.5","15.0447494968313","1.91652859832245","7.28106942392234",,"81.9017932949644",,"106.346006666667","61.6367787931848",,"14.5621388478447",,,,,"177.8","3.5","3.5",,"352"
"CHS","177.8x4.0","17.1446764202886","2.18403521277562","8.25085914699981",,"92.8105640832375",,"120.847093333333","61.4638511647293",,"16.5017182939996",,,,,"177.8","4","4",,"353"
"CHS","177.8x4.5","19.2322725925807","2.449971030902","9.20366529845527",,"103.528293570925",,"135.17838","61.2914553588018",,"18.4073305969105",,,,,"177.8","4.5","4.5",,"354"
"CHS","177.8x5.0","21.3075380137074","2.71433605270158","10.1396873301523",,"114.057225311049",,"149.340866666667","61.1195958756273",,"20.2793746603046",,,,,"177.8","5","5",,"355"
"CHS","177.8x6.0","25.4210766024648","3.23835370732036","11.9621709512392",,"134.557603501003",,"177.16344","60.7775040619471",,"23.9243419024784",,,,,"177.8","6","6",,"356"
"CHS","193.7x3.5","16.4171621015336","2.09135822949473","9.46033476285521",,"97.6802763330429",,"126.630431666667","67.2572393872957",,"18.9206695257104",,,,,"193.7","3.5","3.5",,"358"
"CHS","193.7x4.0","18.7131479685199","2.38384050554394","10.7279050532798",,"110.768250421061",,"143.965693333333","67.0839865392629",,"21.4558101065596",,,,,"193.7","4","4",,"359"
"CHS","193.7x4.5","20.9968030843409","2.67475198526635","11.9751622041958",,"123.646486362373",,"161.115255","66.9112191639041",,"23.9503244083916",,,,,"193.7","4.5","4.5",,"360"
"CHS","193.7x6.0","27.7737839248117","3.53806164647282","15.5972307655043",,"161.045232478103",,"211.45974","66.395867717803",,"31.1944615310086",,,,,"193.7","6","6",,"361"
"CHS","219.1x3.5","18.6009381329153","2.3695462589701","13.7589184493511",,"125.652223281745",,"162.555166666667","76.2008038015348",,"27.5178368987021",,,,,"219.1","3.5","3.5",,"363"
"CHS","219.1x4.0","21.2088920043847","2.70176968208722","15.6165664836744",,"142.617045513008",,"184.921333333333","76.0271333143635",,"31.2331329673488",,,,,"219.1","4","4",,"364"
"CHS","219.1x4.5","23.8045151246888","3.03242230887755","17.4479893860985",,"159.342368822817",,"207.0765","75.8538891554019",,"34.895978772197",,,,,"219.1","4.5","4.5",,"365"
"CHS","219.1x6.0","31.5173999786089","4.01495541128775","22.7873813061901",,"208.103938869316",,"272.286","75.3367440230861",,"45.5747626123801",,,,,"219.1","6","6",,"366"
"CHS","219.1x8.0","41.6286159341876","5.30300839925957","29.5543286851235",,"269.902545069621",,"356.338666666667","74.6533656307604",,"59.1086573702469",,,,,"219.1","8","8",,"367"
"CHS","219.1x10.0","51.5425398711209","6.56592864600266","35.9328652563303",,"328.154020605756",,"437.143333333333","73.9771924311811",,"71.8657305126606",,,,,"219.1","10","10",,"368"
"CHS","273.1x6.0","39.5225236351476","5.03471638664301","44.9212563099404",,"328.972949908022",,"428.12646","94.4579337588961",,"89.8425126198808",,,,,"273.1","6","6",,"370"
"CHS","273.1x8.0","52.3021141429059","6.66268969973324","58.5833731856916",,"429.025069100634",,"562.394746666667","93.7696712695528",,"117.166746371383",,,,,"273.1","8","8",,"371"
"CHS","273.1x10.0","64.8844126320186","8.26553027159473","71.6224832413355",,"524.514707003555",,"692.549433333334","93.0870627423596",,"143.244966482671",,,,,"273.1","10","10",,"372"
"CHS","273.1x12.0","77.2694191024862","9.84323810222754","84.057820563735",,"615.582721081912",,"818.65452","92.4102334701087",,"168.11564112747",,,,,"273.1","12","12",,"373"
"CHS","323.9x6.0","47.0393495455388","5.99227382745717","75.72467146161",,"467.5805585774",,"606.43446","112.414639838413",,"151.44934292322",,,,,"323.9","6","6",,"375"
"CHS","323.9x8.0","62.3245486900942","7.93943295415213","99.1008060013134",,"611.922235265906",,"798.513146666666","111.723324556692",,"198.201612002627",,,,,"323.9","8","8",,"376"
"CHS","323.9x10.0","77.4124558160039","9.86145933961834","121.58342374388",,"750.746673318182",,"985.665433333333","111.036711271543",,"243.166847487759",,,,,"323.9","10","10",,"377"
"CHS","323.9x12.0","92.3030709232685","11.7583529838559","143.195589005935",,"884.196289014724",,"1167.95532","110.354887748572",,"286.391178011869",,,,,"323.9","12","12",,"378"
"CHS","355.6x6.0","51.7299672888341","6.58980475016996","100.705527988192",,"566.39779520918",,"733.392960000001","123.620467560999",,"201.411055976384",,,,,"355.6","6","6",,"380"
"CHS","355.6x8.0","68.5787056811546","8.7361408511025","132.013746351997",,"742.4845126659",,"966.776746666667","122.927702329459",,"264.027492703994",,,,,"355.6","8","8",,"381"
"CHS","355.6x10.0","85.2301520548297","10.8573442108063","162.234997282437",,"912.457802488395",,"1194.72693333333","122.239191751255",,"324.469994564873",,,,,"355.6","10","10",,"382"
"CHS","355.6x12.0","101.684306409859","12.9534148292814","191.394735219827",,"1076.46082800803",,"1417.30752","121.555008123894",,"382.789470439655",,,,,"355.6","12","12",,"383"
"CHS","406.4x6.0*","59.2467931992255","7.54736219098414","151.283252384425",,"744.504194805243",,"961.992960000001","141.578670709963",,"302.566504768851",,,,,"406.4","6","6",,"385"
"CHS","406.4x8.0","78.6011402283431","10.0128841055214","198.738927849303",,"978.045904770191",,"1269.95114666667","140.884065812994",,"397.477855698606",,,,,"406.4","8","8",,"386"
"CHS","406.4x10.0","97.7581952388151","12.4532732788299","244.758127414917",,"1204.51834357735",,"1571.66293333333","140.193152471866",,"489.516254829834",,,,,"406.4","10","10",,"387"
"CHS","406.4x12.0","116.717958230642","14.8685297109098","289.37013575135",,"1424.06562869759",,"1867.19232","139.505985534672",,"578.740271502699",,,,,"406.4","12","12",,"388"
"CHS","457.0x6.0*","66.7340253068197","8.50114972061398","216.181049464068",,"946.087743825243",,"1220.478","159.466689311593",,"432.362098928136",,,,,"457","6","6",,"390"
"CHS","457.0x8.0","88.5841163718021","11.2846008116945","284.463627836297",,"1244.91740847395",,"1612.97866666667","158.77066794594",,"568.927255672594",,,,,"457","8","8",,"391"
"CHS","457.0x10.0","110.236915418139","14.0429191615464","350.913240833197",,"1535.72534281487",,"1998.42333333333","158.077908007413",,"701.826481666393",,,,,"457","10","10",,"392"
"CHS","457.0x12.0","131.692422445831","16.7761047701695","415.562988274965",,"1818.65640382917",,"2376.876","157.388452562442",,"831.12597654993",,,,,"457","12","12",,"393"
"CHS","508.0x8.0","98.6460093227196","12.5663706143592","392.799612663639",,"1546.45516796708",,"2000.17066666667","176.799321265665",,"785.599225327279",,,,,"508","8","8",,"395"
"CHS","508.0x10.0","122.814281606786","15.6451314148772","485.202460569586",,"1910.24590775428",,"2480.37333333333","176.105082266242",,"970.404921139172",,,,,"508","10","10",,"396"
"CHS","508.0x12.0","146.785261872207","18.6987594741665","575.360829020102",,"2265.20011425237",,"2952.768","175.41379649275",,"1150.7216580402",,,,,"508","12","12",,"397"
"CHS","25x25x2.0",,"1.47969013984079","0.170265482457437",,"0.014294689989119",,"0.0251761542978647","1.14357519912952",,"9.16271258616908",,,,,"25","25","2",,"404"
"CHS","25x25x2.5",,"1.81878579688764","0.203539816339745",,"0.0160576830948669",,"0.0292907724048984","1.28461464758935",,"8.88212236969084",,,,,"25","25","2.5",,"405"
"CHS","25x25x3.0",,"2.14555070276915","0.233097335529233",,"0.0172054199302274",,"0.0324057850040848","1.37643359441819",,"8.59140087696515",,,,,"25","25","3",,"406"
"CHS","32x32x2.5",,"2.31201584350124","0.273539816339745",,"0.0378385169765592",,"0.0664144161874437","2.36490731103495",,"11.7613392666717",,,,,"32","32","2.5",,"408"
"CHS","32x32x3.0",,"2.73742675870547","0.317097335529233",,"0.0418097690339836",,"0.0754561026815366","2.61311056462398",,"11.4826621732546",,,,,"32","32","3",,"409"
"CHS","38x38x2.0",,"2.28858741628709","0.274265482457437",,"0.0575806244958791",,"0.0962847072475378","3.03055918399364",,"14.4894736297249",,,,,"38","38","2",,"411"
"CHS","38x38x3.0",,"3.3588966174386","0.396823001646924",,"0.0785213460468581",,"0.133491820235641","4.13270242351885",,"14.0668044125796",,,,,"38","38","3",,"412"
"CHS","38x38x3.5",,"3.87555509126634","0.451453530019425",,"0.0862231905012196",,"0.1495567470446","4.53806265795893",,"13.819919644617",,,,,"38","38","3.5",,"413"
"CHS","50x50x2.5",,"3.76087910542868","0.458904862254809",,"0.169438805804956",,"0.275323257970565","6.77755223219823",,"19.2152089458405",,,,,"50","50","2.5",,"415"
"CHS","50x50x3.0",,"4.4760626730184","0.540823001646924",,"0.194671362363068",,"0.321347594981939","7.7868544945227",,"18.9724517485556",,,,,"50","50","3",,"416"
"CHS","50x50x3.5",,"5.17891548944277","0.619453530019425",,"0.217275825904716",,"0.36430769991619","8.69103303618864",,"18.7284285571288",,,,,"50","50","3.5",,"417"
"CHS","50x50x4.0",,"5.86943755470181","0.69479644737231",,"0.23735876890471",,"0.404180250381654","9.49435075618842",,"18.4830588291328",,,,,"50","50","4",,"418"
"CHS","50x50x4.5",,"6.54762886879551","0.76685175370558",,"0.255024983964301",,"0.44094172059955","10.200999358572",,"18.2362550229431",,,,,"50","50","4.5",,"419"
"CHS","60x60x2.5",,"4.54388180442777","0.558904862254809",,"0.303421566478954",,"0.48656063452609","10.1140522159651",,"23.299911914078",,,,,"60","60","2.5",,"421"
"CHS","60x60x3.0",,"5.4156659118173","0.660823001646924",,"0.351348307717156",,"0.570910307727763","11.7116102572385",,"23.0582507350087",,,,,"60","60","3",,"422"
"CHS","60x60x3.5",,"6.2751192680415","0.759453530019425",,"0.395334632892032",,"0.650880318386925","13.1778210964011",,"22.8155965419773",,,,,"60","60","3.5",,"423"
"CHS","60x60x4.0",,"7.12224187310036","0.85479644737231",,"0.435510742808978",,"0.726443390551014","14.5170247602993",,"22.5718981460147",,,,,"60","60","4",,"424"
"CHS","60x60x4.5",,"7.95703372699386","0.94685175370558",,"0.472005058399833",,"0.797571648872952","15.7335019466611",,"22.3271007705973",,,,,"60","60","4.5",,"425"
"CHS","75x75x2.5",,"5.70297241396972","0.708904862254809",,"0.613824288326341",,"0.971332331985339","16.3686476887024",,"29.4257849636322",,,,,"75","75","2.5",,"427"
"CHS","75x75x3.0",,"6.80657464326765","0.840823001646924",,"0.716190882152689",,"1.145428426222","19.0984235240717",,"29.185161572095",,,,,"75","75","3",,"428"
"CHS","75x75x3.5",,"7.89784612140024","0.969453530019425",,"0.812152861812326",,"1.31273070443505","21.6574096483287",,"28.9437895193263",,,,,"75","75","3.5",,"429"
"CHS","75x75x4.0",,"8.97678684836748","1.09479644737231",,"0.901875870606532",,"1.47320650019641","24.0500232161742",,"28.7016387615146",,,,,"75","75","4",,"430"
"CHS","75x75x4.5",,"10.0433968241694","1.21685175370558",,"0.98552377196303",,"1.62682219959607","26.2806339190141",,"28.4586776228334",,,,,"75","75","4.5",,"431"
"CHS","75x75x5.0",,"11.0976760488059","1.33561944901923",,"1.06325864943598",,"1.77354343396244","28.3535639849595",,"28.2148726825184",,,,,"75","75","5",,"432"
"CHS","75x75x6.0",,"13.169242244583","1.5632920065877",,"1.2016287675801",,"2.04616251755712","32.0434338021359",,"27.7245882436992",,,,,"75","75","6",,"433"
"CHS","80x80x3.0",,"7.29487238941512","0.900823001646924",,"0.878425648672373",,"1.3993140837212","21.9606412168093",,"31.2271802813156",,,,,"80","80","3",,"435"
"CHS","80x80x3.5",,"8.46752682523895","1.03945353001942",,"0.998020276369576",,"1.60571159486787","24.9505069092394",,"30.9861160553337",,,,,"80","80","3.5",,"436"
"CHS","80x80x4.0",,"9.62785050989743","1.17479644737231",,"1.11043415772336",,"1.80435850343589","27.760853943084",,"30.7443343133449",,,,,"80","80","4",,"437"
"CHS","80x80x4.5",,"10.7758434433906","1.30685175370558",,"1.21584297032673",,"1.99521940061516","30.3960742581684",,"30.5018079009565",,,,,"80","80","4.5",,"438"
"CHS","80x80x5.0",,"11.9115056257184","1.43561944901923",,"1.31442061189916",,"2.17825802446892","32.860515297479",,"30.2585082736055",,,,,"80","80","5",,"439"
"CHS","80x80x6.0",,"14.145837736878","1.6832920065877",,"1.4917690734612",,"2.52072027298118","37.29422683653",,"29.7694676941298",,,,,"80","80","6",,"440"
"CHS","100x100x2.5*",,"7.67589260042412","0.958904862254809",,"1.50630504030235",,"2.35205953698713","30.1261008060471",,"39.6340729372757",,,,,"100","100","2.5",,"442"
"CHS","100x100x3.0",,"9.17407886701292","1.14082300164692",,"1.77046758995697",,"2.78675439761193","35.4093517991395",,"39.394433172918",,,,,"100","100","3",,"443"
"CHS","100x100x3.5",,"10.6599343824364","1.31945353001943",,"2.02279662585101",,"3.20945471244251","40.4559325170201",,"39.1542636241209",,,,,"100","100","3.5",,"444"
"CHS","100x100x4.0",,"12.1334591466945","1.49479644737231",,"2.2635168621122",,"3.62011947052879","45.270337242244",,"38.9135487627933",,,,,"100","100","4",,"445"
"CHS","100x100x4.5",,"13.5946531597873","1.66685175370558",,"2.49285123299475",,"4.01870640659552","49.857024659895",,"38.672272447293",,,,,"100","100","4.5",,"446"
"CHS","100x100x5.0",,"15.0435164217147","1.83561944901923",,"2.71102089287929",,"4.40517212752904","54.2204178575859",,"38.4304178916811",,,,,"100","100","5",,"447"
"CHS","100x100x6.0",,"17.9042506920736","2.1632920065877",,"3.11474179780908",,"5.14156151971103","62.2948359561816",,"37.9449034971113",,,,,"100","100","6",,"448"
"CHS","120x120x3.0*",,"11.0532853446107","1.38082300164692",,"3.12347413157096",,"4.87723065589651","52.0579021928494",,"47.5608875247308",,,,,"120","120","3",,"450"
"CHS","120x120x3.5",,"12.8523419396338","1.59945353001943",,"3.58166368133632",,"5.63010833342773","59.6943946889387",,"47.3212914162934",,,,,"120","120","3.5",,"451"
"CHS","120x120x4.0",,"14.6390677834916","1.81479644737231",,"4.0227588559755",,"6.36572357089911","67.0459809329251",,"47.0812559418115",,,,,"120","120","4",,"452"
"CHS","120x120x4.5",,"16.413462876184","2.02685175370558",,"4.44702984640389",,"7.08402754883856","74.1171641067314",,"46.8407704219734",,,,,"120","120","4.5",,"453"
"CHS","120x120x5.0",,"18.1755272177111","2.23561944901923",,"4.85474506366327",,"7.78497015241743","80.9124177277212",,"46.599823828156",,,,,"120","120","5",,"454"
"CHS","120x120x6.0",,"21.6626636472692","2.6432920065877",,"5.6215729234745",,"9.13456492364421","93.6928820579084",,"46.1165014700173",,,,,"120","120","6",,"455"
"CHS","150x150x4.0",,"18.3974807386872","2.29479644737231",,"8.07817051453508",,"12.647583379256","107.708940193801",,"59.3313764198993",,,,,"150","150","4",,"457"
"CHS","150x150x4.5",,"20.6416774507791","2.56685175370558",,"8.96299217415718",,"14.1079441379104","119.506562322096",,"59.0916497593769",,,,,"150","150","4.5",,"458"
"CHS","150x150x6.0",,"27.3002830800627","3.3632920065877",,"11.459054114443",,"18.326854819552","152.787388192574",,"58.3703231441899",,,,,"150","150","6",,"459"
"CHS","150x150x8.0",,"36.0057934027927","4.32424771931899",,"14.118333707434",,"23.6408303906262","188.244449432453",,"57.1395004147243",,,,,"150","150","8",,"460"
"CHS","150x150x10.0",,"44.5140117068772","5.25663706143592",,"16.5252946958116",,"28.3923544771861","220.337262610821",,"56.0687159351863",,,,,"150","150","10",,"461"
"CHS","175x175x4.0*",,"21.218756605317","2.69479644737231",,"13.0311831754523",,"20.278131456589","148.927807719455",,"69.5390801660577",,,,,"175","175","4",,"463"
"CHS","175x175x4.5",,"23.8156128007376","3.01685175370558",,"14.4883056542879",,"22.6490423411909","165.580636049004",,"69.2997734598335",,,,,"175","175","4.5",,"464"
"CHS","175x175x6.0",,"31.5321968800072","3.9632920065877",,"18.640253400848",,"29.5417244251269","213.031467438262",,"68.5800615105687",,,,,"175","175","6",,"465"
"CHS","175x175x8.0",,"41.6483451360521","5.12424771931899",,"23.2547713609745",,"38.3569492669252","265.768815553994",,"67.3660337776175",,,,,"175","175","8",,"466"
"CHS","175x175x10.0",,"51.5672013734516","6.25663706143592",,"27.5091072301225",,"46.4073290226012","314.389796915686",,"66.3082806020952",,,,,"175","175","10",,"467"
"CHS","195x195x6.0",,"35.2166253282108","4.4432920065877",,"26.1715535314542",,"41.2452831668129","268.426190066197",,"76.747161809006",,,,,"195","195","6",,"469"
"CHS","195x195x8.0",,"46.5609164003236","5.76424771931899",,"32.8952772206537",,"53.7505436542941","337.387458673372",,"75.543213848226",,,,,"195","195","8",,"470"
"CHS","195x195x10.0",,"57.7079154537909","7.05663706143592",,"39.1589005963943",,"65.306745813933","401.629749706609",,"74.4931526363074",,,,,"195","195","10",,"471"
"CHS","200x200x6.0",,"35.8218422517134","4.5632920065877",,"28.3274814393116",,"44.5880703617908","283.274814393116",,"78.7888663458359",,,,,"200","200","6",,"473"
"CHS","200x200x8.0",,"46.505344596654","5.92424771931899",,"35.6625364268022",,"58.1518150880618","356.625364268022",,"77.5870981643839",,,,,"200","200","8",,"474"
"CHS","200x200x10.0",,"56.9646009322719","7.25663706143592",,"42.5106188461322",,"70.7173482630355","425.106188461322",,"76.538687812186",,,,,"200","200","10",,"475"
"CHS","220x220x6.0*",,"39.5077267337492","5.0432920065877",,"38.1336045715647",,"59.761808850347","346.66913246877",,"86.955463055673",,,,,"220","220","6",,"477"
"CHS","220x220x8.0",,"52.2823849410414","6.56424771931899",,"48.2801042163112",,"78.1483872761126","438.910038330102",,"85.7613519120065",,,,,"220","220","8",,"478"
"CHS","220x220x10.0",,"64.8597511296882","8.05663706143592",,"57.824571477763",,"95.3277348359207","525.677922525118",,"84.7187055897989",,,,,"220","220","10",,"479"
"CHS","250x250x6.0*",,"45.2418422517134","5.7632920065877",,"56.7200237724148",,"88.4251848780808","453.760190179318",,"99.2048466025504",,,,,"250","250","6",,"481"
"CHS","250x250x8.0",,"59.0653445966541","7.52424771931899",,"72.2920487953192",,"115.977692694447","578.336390362554",,"98.0197801014418",,,,,"250","250","8",,"482"
"CHS","250x250x10.0",,"72.664600932272","9.25663706143592",,"87.0667393232476",,"141.972204804838","696.533914585981",,"96.9838727054799",,,,,"250","250","10",,"483"
"CHS","260x260x6.0*",,"47.0393495455388","6.0032920065877",,"64.0454260400235",,"99.697714920365","492.657123384796",,"103.287870898693",,,,,"260","260","6",,"485"
"CHS","260x260x8.0",,"62.3245486900942","7.84424771931899",,"81.7801884269205",,"130.868644457373","629.078372514773",,"102.105327669568",,,,,"260","260","8",,"486"
"CHS","260x260x10.0",,"77.4124558160039","9.65663706143592",,"98.6464589778861",,"160.354723606969","758.818915214509",,"101.071286958052",,,,,"260","260","10",,"487"
"CHS","285x285x8.0",,"68.5787056811546","8.64424771931899",,"109.050466694525",,"173.541108068319","765.266432944033",,"112.318207079337",,,,,"285","285","8",,"489"
"CHS","285x285x10.0",,"85.2301520548297","10.6566370614359",,"131.983147471671",,"213.079924008964","926.197526116993",,"111.288208939481",,,,,"285","285","10",,"490"
"CHS","50x25x2.0*",,"2.28858741628709","0.270265482457437",,"0.0816734495838629",,"0.0275530233224524","3.26693798335452",,"17.3838176720265",,,,,"50","25","2",,"499"
"CHS","50x25x2.5",,"2.82990739244552","0.333904862254809",,"0.0988658891382891",,"0.0327840094048653","3.95463556553157",,"17.2072657743067",,,,,"50","25","2.5",,"500"
"CHS","50x25x3.0",,"3.3588966174386","0.390823001646924",,"0.111721362363068",,"0.0366715305881105","4.4688544945227",,"16.9074477323074",,,,,"50","25","3",,"501"
"CHS","50x25x3.5",,"3.87555509126634","0.444453530019425",,"0.122498742571383",,"0.0398176014615101","4.89994970285531",,"16.6017028187628",,,,,"50","25","3.5",,"502"
"CHS","50x38x2.0",,"2.71769755684092","0.322265482457437",,"0.111642782917196",,"0.0731486244958791","4.46571131668785",,"18.6126594482889",,,,,"50","38","2",,"504"
"CHS","50x38x2.5",,"3.3662950681378","0.393539816339745",,"0.132182104867704",,"0.086399329579492","5.28728419470815",,"18.3270258468868",,,,,"50","38","2.5",,"505"
"CHS","50x38x3.0",,"4.00256182826934","0.461097335529233",,"0.149985545547824",,"0.0978166091657376","5.99942182191296",,"18.0355087386652",,,,,"50","38","3",,"506"
"CHS","50x38x3.5",,"4.62649783723554","0.5312380400259",,"0.172343697322171",,"0.109866342520772","6.78518493394374",,"18.0116342722411",,,,,"50","38","3.5",,"507"
"CHS","60x40x2.5",,"3.76087910542868","0.458904862254809",,"0.220713233145621",,"0.117359621577031","7.3571077715207",,"21.9307183143022",,,,,"60","40","2.5",,"509"
"CHS","60x40x3.0",,"4.4760626730184","0.540823001646924",,"0.253788307717156",,"0.134395567091325","8.45961025723854",,"21.6624826459402",,,,,"60","40","3",,"510"
"CHS","60x40x3.5",,"5.17891548944277","0.619453530019425",,"0.283462966225365",,"0.149511362085039","9.4487655408455",,"21.3916260295979",,,,,"60","40","3.5",,"511"
"CHS","60x40x4.0",,"5.86943755470181","0.69479644737231",,"0.309857409475644",,"0.162799950702392","10.3285803158548",,"21.1179690120286",,,,,"60","40","4",,"512"
"CHS","60x40x4.5",,"6.54762886879551","0.76685175370558",,"0.333090058399833",,"0.174352497214048","11.1030019466611",,"20.8413154861184",,,,,"60","40","4.5",,"513"
"CHS","76x38x2.5",,"4.34658978578232","0.528904862254809",,"0.383174255898519",,"0.129378047238308","10.083533049961",,"26.9159294680765",,,,,"76","38","2.5",,"515"
"CHS","76x38x3.0",,"5.17891548944277","0.624823001646925",,"0.442961012454978",,"0.148517346046858","11.6568687488152",,"26.625896969149",,,,,"76","38","3",,"516"
"CHS","76x38x3.5",,"5.99891044193787","0.717453530019425",,"0.49748772452709",,"0.165646357167886","13.0917822243971",,"26.3326335915491",,,,,"76","38","3.5",,"517"
"CHS","76x38x4.0",,"6.80657464326764","0.80679644737231",,"0.546903398249192",,"0.180862299079496","14.3921946907682",,"26.0359436169984",,,,,"76","38","4",,"518"
"CHS","76x38x4.5",,"7.60190809343207","0.89285175370558",,"0.591355259882065",,"0.19426061038623","15.5619805232122",,"25.7356151809767",,,,,"76","38","4.5",,"519"
"CHS","80x40x2.5",,"4.54388180442777","0.558904862254809",,"0.451056150498506",,"0.152567954910364","11.2764037624627",,"28.4083729390231",,,,,"80","40","2.5",,"521"
"CHS","80x40x3.0",,"5.4156659118173","0.660823001646924",,"0.522505648672372",,"0.175555567091325","13.0626412168093",,"28.1191973168511",,,,,"80","40","3",,"522"
"CHS","80x40x3.5",,"6.2751192680415","0.759453530019425",,"0.588076943036243",,"0.196283028751705","14.7019235759061",,"27.8270054798582",,,,,"80","40","3.5",,"523"
"CHS","80x40x4.0",,"7.12224187310036","0.85479644737231",,"0.647927491056692",,"0.214853284035726","16.1981872764173",,"27.5316252388908",,,,,"80","40","4",,"524"
"CHS","80x40x4.5",,"7.95703372699386","0.94685175370558",,"0.702212970326734",,"0.231367497214048","17.5553242581684",,"27.2328710416512",,,,,"80","40","4.5",,"525"
"CHS","100x50x2.5*",,"5.70297241396972","0.708904862254809",,"0.91203420696902",,"0.310584639138289","18.2406841393804",,"35.8683654627944",,,,,"100","50","2.5",,"527"
"CHS","100x50x3.0",,"6.80657464326765","0.840823001646924",,"1.06456758995697",,"0.360571362363068","21.2913517991395",,"35.5823255018067",,,,,"100","50","3",,"528"
"CHS","100x50x3.5",,"7.89784612140024","0.969453530019425",,"1.20761745918434",,"0.406829992571383","24.1523491836868",,"35.2940253621439",,,,,"100","50","3.5",,"529"
"CHS","100x50x4.0",,"8.97678684836748","1.09479644737231",,"1.34138352877887",,"0.449492102238044","26.8276705755774",,"35.0033648571037",,,,,"100","50","4",,"530"
"CHS","100x50x4.5",,"10.0433968241694","1.21685175370558",,"1.46606373299475",,"0.488687483964301","29.321274659895",,"34.7102378014574",,,,,"100","50","4.5",,"531"
"CHS","100x50x5.0",,"11.0976760488059","1.33561944901923",,"1.58185422621263",,"0.524544150477845","31.6370845242525",,"34.4145315486135",,,,,"100","50","5",,"532"
"CHS","100x50x6.0",,"13.169242244583","1.5632920065877",,"1.78754179780908",,"0.586744489409767","35.7508359561816",,"33.8148954646148",,,,,"100","50","6",,"533"
"CHS","120x60x3.0*",,"8.23447562821402","1.02082300164692",,"1.89119413157096",,"0.644028307717156","31.5199021928493",,"43.0420385553533",,,,,"120","60","3",,"535"
"CHS","120x60x3.5",,"9.56373060383766","1.17945353001942",,"2.15614868133632",,"0.730949632892031","35.9358113556053",,"42.7561837962664",,,,,"120","60","3.5",,"536"
"CHS","120x60x4.0",,"10.880654828296","1.33479644737231",,"2.40739885597551",,"0.812470742808977","40.1233142662584",,"42.4684591257872",,,,,"120","60","4",,"537"
"CHS","120x60x4.5",,"12.1852483015889","1.48685175370558",,"2.64518484640389",,"0.888750058399833","44.0864141067314",,"42.1787959752766",,,,,"120","60","4.5",,"538"
"CHS","120x60x5.0",,"13.4775110237165","1.63561944901923",,"2.86974506366327",,"0.959944220722878","47.8290843943878",,"41.8871223898879",,,,,"120","60","5",,"539"
"CHS","120x60x6.0",,"16.0250442144758","1.9232920065877",,"3.2801329234745",,"1.08769475043086","54.6688820579084",,"41.2974378583362",,,,,"120","60","6",,"540"
"CHS","160x80x3.0*",,"11.0532853446107","1.38082300164692",,"4.63814101578708",,"1.59026564867237","57.9767626973386",,"57.9566090762405",,,,,"160","80","3",,"542"
"CHS","160x80x3.5*",,"12.8523419396338","1.59945353001943",,"5.32018324365194",,"1.81790694303624","66.5022905456492",,"57.6736559214094",,,,,"160","80","3.5",,"543"
"CHS","160x80x4.0*",,"14.6390677834916","1.81479644737231",,"5.97710737879217",,"2.03544749105669","74.7138422349021",,"57.3893847404711",,,,,"160","80","4",,"544"
"CHS","160x80x4.5",,"16.413462876184","2.02685175370558",,"6.6092381254455",,"2.24310297032673","82.6154765680688",,"57.103760244353",,,,,"160","80","4.5",,"545"
"CHS","160x80x5.0",,"18.1755272177111","2.23561944901923",,"7.2168984079761",,"2.44108727856583","90.2112300997012",,"56.8167458780463",,,,,"160","80","5",,"546"
"CHS","160x80x6.0",,"21.6626636472692","2.6432920065877",,"8.36009037875796",,"2.8088890734612","104.501129734474",,"56.2383946337022",,,,,"160","80","6",,"547"
"CHS","200x100x4.0*",,"18.3974807386872","2.29479644737231",,"11.9970530595067",,"4.10778352877887","119.970530595067",,"72.3044797124209",,,,,"200","100","4",,"549"
"CHS","200x100x4.5",,"20.6416774507791","2.56685175370558",,"13.3143728074516",,"4.54642623299475","133.143728074516",,"72.0211352984788",,,,,"200","100","4.5",,"550"
"CHS","200x100x6.0",,"27.3002830800627","3.3632920065877",,"17.0330814393116",,"5.76914179780908","170.330814393116",,"71.1646510036134",,,,,"200","100","6",,"551"
"CHS","200x100x8.0",,"36.0057934027927","4.32424771931899",,"20.9084030934689",,"7.0535739705478","209.084030934689",,"69.5352706881059",,,,,"200","100","8",,"552"
"CHS","200x100x10.0",,"44.5140117068772","5.25663706143592",,"24.4439521794655",,"8.17743353895258","244.439521794655",,"68.1917312387837",,,,,"200","100","10",,"553"
"CHS","250x100x4.0*",,"21.218756605317","2.69479644737231",,"20.916564497027",,"5.0299168621122","167.332515976216",,"88.1012750826843",,,,,"250","100","4",,"555"
"CHS","250x100x4.5*",,"23.8156128007376","3.01685175370558",,"23.256730632878",,"5.57321373299475","186.053845063024",,"87.8005722578723",,,,,"250","100","4.5",,"556"
"CHS","250x100x6.0*",,"31.5321968800072","3.9632920065877",,"29.9234237724148",,"7.09634179780908","239.387390179318",,"86.891562297339",,,,,"250","100","6",,"557"
"CHS","250x100x8.0",,"41.6483451360521","5.12424771931899",,"37.1408487953192",,"8.75064063721447","297.126790362554",,"85.1355319704365",,,,,"250","100","8",,"558"
"CHS","250x100x10.0",,"51.5672013734516","6.25663706143592",,"43.8417393232476",,"10.2107668722859","350.733914585981",,"83.7092414110984",,,,,"250","100","10",,"559"
"CHS","250x150x6.0 *",,"35.8218422517134","4.5632920065877",,"38.8556237724148",,"17.683454114443","310.844990179318",,"92.2757986069354",,,,,"250","150","6",,"561"
"CHS","250x150x8.0",,"46.505344596654","5.92424771931899",,"48.8579154619859",,"22.1924670407673","390.863323695887",,"90.8135936613495",,,,,"250","150","8",,"562"
"CHS","250x150x10.0",,"56.9646009322719","7.25663706143592",,"58.250072656581",,"26.3419613624783","466.000581252648",,"89.5943317225392",,,,,"250","150","10",,"563"
"CHS","300x140x6.0*",,"39.5077267337492","5.0432920065877",,"58.1416411137526",,"17.8289024504575","387.610940758351",,"107.370898099377",,,,,"300","140","6",,"565"
"CHS","300x140x8.0",,"52.2823849410414","6.56424771931899",,"73.4242574796516",,"22.4327436547915","489.495049864344",,"105.761426689646",,,,,"300","140","8",,"566"
"CHS","300x140x10.0",,"64.8597511296882","8.05663706143592",,"87.8869894604913",,"26.6633920916295","585.913263069942",,"104.444456466418",,,,,"300","140","10",,"567"
"CHS","320x200x6.0*",,"47.0393495455388","6.0032920065877",,"86.0432162525934",,"41.8807614393116","537.770101578709",,"119.719138682585",,,,,"320","200","6",,"569"
"CHS","320x200x8.0*",,"62.3245486900942","7.84424771931899",,"109.797326321813",,"53.3674964268022","686.233289511331",,"118.309667088927",,,,,"320","200","8",,"570"
"CHS","320x200x10.0",,"77.4124558160039","9.65663706143592",,"132.484245820225",,"64.1906188461322","828.026536376404",,"117.130275395142",,,,,"320","200","10",,"571"
"CHS","340x180x6.0*",,"47.0393495455388","6.0032920065877",,"92.8907297927517",,"34.903456708376","546.416057604422",,"124.391714348821",,,,,"340","180","6",,"573"
"CHS","340x180x8.0*",,"62.3245486900942","7.84424771931899",,"118.451138041171",,"44.4060315144904","696.771400242184",,"122.883612107261",,,,,"340","180","8",,"574"
"CHS","340x180x10.0",,"77.4124558160039","9.65663706143592",,"142.879496258912",,"53.3146602934552","840.467625052423",,"121.638764602176",,,,,"340","180","10",,"575"
"Lipped Channels","75x50x20x2.0","3.14","0.4","0.36","0.15","9.59","5.12",,"30","19.3","0.534",,,,,"75","50","2","20","586"
"Lipped Channels","75x50x20x2.5","3.85","0.491","0.433","0.178","11.5","6.1",,"29.7","19.1","1.02",,,,,"75","50","2.5","20","587"
"Lipped Channels","75x50x20x3.0","4.54","0.578","0.5","0.204","13.3","6.98",,"29.4","18.8","1.73",,,,,"75","50","3","20","588"
"Lipped Channels","100x50x20x2.0","3.53","0.45","0.705","0.167","14.1","5.32",,"39.6","19.3","0.6",,,,,"100","50","2","20","590"
"Lipped Channels","100x50x20x2.5","4.35","0.554","0.854","0.2","17.1","6.35",,"39.3","19","1.15",,,,,"100","50","2.5","20","591"
"Lipped Channels","100x50x20x3.0","5.13","0.653","0.991","0.229","19.8","7.27",,"39","18.7","1.96",,,,,"100","50","3","20","592"
"Lipped Channels","100x75x20x2.0","4.32","0.55","0.945","0.439","18.9","9.65",,"41.4","28.2","0.734",,,,,"100","75","2","20","594"
"Lipped Channels","100x75x20x2.5","5.33","0.679","1.15","0.53","23","11.6",,"41.2","27.9","1.41",,,,,"100","75","2.5","20","595"
"Lipped Channels","100x75x20x3.0","6.3","0.803","1.34","0.614","26.9","13.5",,"40.9","27.7","2.41",,,,,"100","75","3","20","596"
"Lipped Channels","125x50x20x2.0","3.93","0.5","1.19","0.181","19.1","5.46",,"48.8","19","0.667",,,,,"125","50","2","20","598"
"Lipped Channels","125x50x20x2.5","4.84","0.616","1.45","0.216","23.2","6.52",,"48.5","18.7","1.28",,,,,"125","50","2.5","20","599"
"Lipped Channels","125x50x20x3.0","5.72","0.728","1.69","0.248","27","7.47",,"48.1","18.5","2.18",,,,,"125","50","3","20","600"
"Lipped Channels","125x65x20x2.0","4.4","0.56","1.42","0.338","22.7","8.03",,"50.3","24.6","0.747",,,,,"125","65","2","20","602"
"Lipped Channels","125x65x20x2.5","5.42","0.691","1.73","0.407","27.7","9.67",,"50","24.3","1.44",,,,,"125","65","2.5","20","603"
"Lipped Channels","125x65x20x3.0","6.42","0.818","2.02","0.471","32.3","11.2",,"49.7","24","2.45",,,,,"125","65","3","20","604"
"Lipped Channels","125x75x20x2.0","4.71","0.6","1.57","0.476","25.1","9.95",,"51.1","28.2","0.8",,,,,"125","75","2","20","606"
"Lipped Channels","125x75x20x2.5","5.82","0.741","1.92","0.575","30.7","12",,"50.9","27.9","1.54",,,,,"125","75","2.5","20","607"
"Lipped Channels","125x75x20x3.0","6.89","0.878","2.24","0.668","35.9","13.9",,"50.6","27.6","2.63",,,,,"125","75","3","20","608"
"Lipped Channels","150x50x20x2.0","4.32","0.55","1.83","0.192","24.5","5.56",,"57.7","18.7","0.734",,,,,"150","50","2","20","610"
"Lipped Channels","150x50x20x2.5","5.33","0.679","2.23","0.23","29.8","6.65",,"57.4","18.4","1.41",,,,,"150","50","2.5","20","611"
"Lipped Channels","150x50x20x3.0","6.3","0.803","2.61","0.264","34.8","7.62",,"57","18.1","2.41",,,,,"150","50","3","20","612"
"Lipped Channels","150x65x20x2.0","4.79","0.61","2.16","0.36","28.8","8.21",,"59.5","24.3","0.814",,,,,"150","65","2","20","614"
"Lipped Channels","150x65x20x2.5","5.92","0.754","2.64","0.434","35.2","9.88",,"59.2","24","1.57",,,,,"150","65","2.5","20","615"
"Lipped Channels","150x65x20x3.0","7.01","0.893","3.1","0.502","41.3","11.4",,"58.9","23.7","2.68",,,,,"150","65","3","20","616"
"Lipped Channels","150x65x20x3.5","8.08","1.03","3.53","0.564","47","12.8",,"58.5","23.4","4.2",,,,,"150","65","3.5","20","617"
"Lipped Channels","150x75x20x2.0","5.1","0.65","2.38","0.507","31.8","10.2",,"60.5","27.9","0.867",,,,,"150","75","2","20","619"
"Lipped Channels","150x75x20x2.5","6.31","0.804","2.91","0.614","38.8","12.3",,"60.2","27.6","1.67",,,,,"150","75","2.5","20","620"
"Lipped Channels","150x75x20x3.0","7.48","0.953","3.42","0.713","45.6","14.3",,"59.9","27.3","2.86",,,,,"150","75","3","20","621"
"Lipped Channels","150x75x20x3.5","8.63","1.1","3.9","0.804","52","16.1",,"59.6","27","4.49",,,,,"150","75","3.5","20","622"
"Lipped Channels","175x50x20x2.0","4.71","0.6","2.65","0.202","30.3","5.64",,"66.4","18.3","0.8",,,,,"175","50","2","20","624"
"Lipped Channels","175x50x20x2.5","5.82","0.741","3.23","0.242","36.9","6.75",,"66","18.1","1.54",,,,,"175","50","2.5","20","625"
"Lipped Channels","175x50x20x3.0","6.89","0.878","3.78","0.277","43.2","7.74",,"65.6","17.8","2.63",,,,,"175","50","3","20","626"
"Lipped Channels","175x50x20x3.5","7.94","1.01","4.3","0.309","49.2","8.63",,"65.2","17.5","4.13",,,,,"175","50","3.5","20","627"
"Lipped Channels","175x65x20x2.0","5.18","0.66","3.1","0.379","35.4","8.34",,"68.5","23.9","0.88",,,,,"175","65","2","20","629"
"Lipped Channels","175x65x20x2.5","6.41","0.816","3.79","0.457","43.3","10.1",,"68.1","23.7","1.7",,,,,"175","65","2.5","20","630"
"Lipped Channels","175x65x20x3.0","7.6","0.968","4.45","0.528","50.8","11.6",,"67.8","23.4","2.9",,,,,"175","65","3","20","631"
"Lipped Channels","175x65x20x3.5","8.76","1.12","5.08","0.594","58","13",,"67.4","23.1","4.56",,,,,"175","65","3.5","20","632"
"Lipped Channels","175x65x20x4.5","11","1.4","6.24","0.707","71.3","15.5",,"66.7","22.5","9.46",,,,,"175","65","4.5","20","633"
"Lipped Channels","175x75x20x2.5","6.8","0.866","4.16","0.647","47.6","12.5",,"69.3","27.3","1.8",,,,,"175","75","2.5","20","635"
"Lipped Channels","175x75x20x3.0","8.07","1.03","4.89","0.751","55.9","14.5",,"69","27","3.08",,,,,"175","75","3","20","636"
"Lipped Channels","175x75x20x3.5","9.31","1.19","5.59","0.848","63.9","16.4",,"68.6","26.7","4.84",,,,,"175","75","3.5","20","637"
"Lipped Channels","175x75x20x4.5","11.7","1.49","6.89","1.02","78.7","19.6",,"68","26.1","10.1",,,,,"175","75","4.5","20","638"
"Lipped Channels","200x75x20x2.5","7.29","0.929","5.68","0.676","56.8","12.7",,"78.2","27","1.93",,,,,"200","75","2.5","20","640"
"Lipped Channels","200x75x20x3.0","8.66","1.1","6.69","0.785","66.9","14.8",,"77.9","26.7","3.31",,,,,"200","75","3","20","641"
"Lipped Channels","200x75x20x3.5","10","1.27","7.65","0.886","76.5","16.6",,"77.5","26.4","5.2",,,,,"200","75","3.5","20","642"
"Lipped Channels","200x75x20x4.5","12.6","1.6","9.45","1.06","94.5","19.9",,"76.8","25.7","10.8",,,,,"200","75","4.5","20","643"
"Lipped Channels","225x50x20x2.5","6.8","0.866","5.94","0.26","52.8","6.89",,"82.8","17.3","1.8",,,,,"225","50","2.5","20","645"
"Lipped Channels","225x50x20x3.0","8.07","1.03","6.98","0.298","62","7.91",,"82.4","17","3.08",,,,,"225","50","3","20","646"
"Lipped Channels","225x50x20x3.5","9.31","1.19","7.96","0.332","70.8","8.82",,"81.9","16.7","4.84",,,,,"225","50","3.5","20","647"
"Lipped Channels","225x75x20x2.5","7.78","0.991","7.49","0.701","66.6","12.9",,"86.9","26.6","2.06",,,,,"225","75","2.5","20","649"
"Lipped Channels","225x75x20x3.0","9.25","1.18","8.83","0.814","78.4","14.9",,"86.6","26.3","3.53",,,,,"225","75","3","20","650"
"Lipped Channels","225x75x20x3.5","10.7","1.36","10.1","0.919","89.9","16.9",,"86.2","26","5.56",,,,,"225","75","3.5","20","651"
"Lipped Channels","225x75x20x4.5","13.5","1.72","12.5","1.1","111","20.2",,"85.4","25.3","11.6",,,,,"225","75","4.5","20","652"
"Lipped Channels","250x75x20x2.5","8.27","1.05","9.61","0.723","76.9","13",,"95.5","26.2","2.19",,,,,"250","75","2.5","20","654"
"Lipped Channels","250x75x20x3.0","9.84","1.25","11.3","0.839","90.7","15.1",,"95.1","25.9","3.76",,,,,"250","75","3","20","655"
"Lipped Channels","250x75x20x3.5","11.4","1.45","13","0.948","104","17",,"94.7","25.6","5.92",,,,,"250","75","3.5","20","656"
"Lipped Channels","250x75x20x4.5","14.4","1.83","16.1","1.14","129","20.4",,"93.9","24.9","12.3",,,,,"250","75","4.5","20","657"
"Lipped Channels","300x75x20x4.5","16.1","2.05","25.1","1.2","167","20.8",,"110","24.1","13.9",,,,,"300","75","4.5","20","659"
"Lipped Channels","300x75x20x4.0","14.5","1.84","22.7","1.1","151","19.1",,"111","24.5","9.82",,,,,"300","75","4","20","660"
